{
  "project_info": {
    "project_number": "417767698871",
    "firebase_url": "https://gigatis-689a5.firebaseio.com",
    "project_id": "gigatis-689a5",
    "storage_bucket": "gigatis-689a5.appspot.com"
  },
  "client": [
    {
      "client_info": {
        "mobilesdk_app_id": "1:417767698871:android:81eca3b70819984e81f832",
        "android_client_info": {
          "package_name": "com.jkhenfer.Gigatis_Project.Gigatis"
        }
      },
      "oauth_client": [
        {
          "client_id": "417767698871-9b6a7badp7np0osfltg4u3eqc7k735ud.apps.googleusercontent.com",
          "client_type": 3
        }
      ],
      "api_key": [
        {
          "current_key": "AIzaSyCwKB1xYcJl2-XDRll3mr4upbcla9YP9jA"
        }
      ],
      "services": {
        "appinvite_service": {
          "other_platform_oauth_client": [
            {
              "client_id": "417767698871-9b6a7badp7np0osfltg4u3eqc7k735ud.apps.googleusercontent.com",
              "client_type": 3
            }
          ]
        }
      }
    }
  ],
  "configuration_version": "1"
}